"Auto (Store-Locale)","Auto (Store-Locale)"
"Fest (Feld unten)","Fest (Feld unten)"
"Gesetzliche Gewährleistung","Gesetzliche Gewährleistung"
"Harmonisiertes EU-Gewährleistungslabel","Harmonisiertes EU-Gewährleistungslabel"
"Mehr erfahren","Mehr erfahren"
"Informationen zur gesetzlichen Gewährleistung","Informationen zur gesetzlichen Gewährleistung"
"Als Verkäufer informieren wir Sie mit dem harmonisierten EU-Gewährleistungslabel über Ihre gesetzlichen Rechte.","Als Verkäufer informieren wir Sie mit dem harmonisierten EU-Gewährleistungslabel über Ihre gesetzlichen Rechte."
"Weitere Informationen auf Your Europe","Weitere Informationen auf Your Europe"
"EU GARAN Haltbarkeitsgarantie","EU GARAN Haltbarkeitsgarantie"
"EU GARAN Label","EU GARAN Label"
"%1 Jahre","%1 Jahre"
"Gewerbliche Haltbarkeitsgarantie des Herstellers für die gesamte Ware, kostenlos, für %1 Jahre. Die gesetzliche Gewährleistung bleibt unberührt.","Gewerbliche Haltbarkeitsgarantie des Herstellers für die gesamte Ware, kostenlos, für %1 Jahre. Die gesetzliche Gewährleistung bleibt unberührt."
"Garantieerklärung ansehen","Garantieerklärung ansehen"
"Zur gesetzlichen Gewährleistung","Zur gesetzlichen Gewährleistung"
"EU-Haltbarkeitsgarantie (GARAN)","EU-Haltbarkeitsgarantie (GARAN)"
"Die gesetzliche Gewährleistung bleibt unberührt.","Die gesetzliche Gewährleistung bleibt unberührt."
"Mehr zur gesetzlichen Gewährleistung","Mehr zur gesetzlichen Gewährleistung"
"Jahre","Jahre"
"Harmonisiertes EU-Label zu Ihren gesetzlichen Rechten – offiziell und unverändert anzeigen.","Harmonisiertes EU-Label zu Ihren gesetzlichen Rechten – offiziell und unverändert anzeigen."
"Label anzeigen","Label anzeigen"
"Auf eigener Seite öffnen","Auf eigener Seite öffnen"
"Schließen","Schließen"
"Ihre gesetzlichen Gewährleistungsrechte – Label mit einem Klick anzeigen.","Ihre gesetzlichen Gewährleistungsrechte – Label mit einem Klick anzeigen."
"Mehr Infos (Your Europe / QR-Ziel)","Mehr Infos (Your Europe / QR-Ziel)"
"Mehr zur Haltbarkeitsgarantie (Your Europe)","Mehr zur Haltbarkeitsgarantie (Your Europe)"
"EU GARAN Haltbarkeitsgarantie: %1 Jahre, %2, %3","EU GARAN Haltbarkeitsgarantie: %1 Jahre, %2, %3"
"Ihre gesetzlichen Gewährleistungsrechte","Ihre gesetzlichen Gewährleistungsrechte"
"Mehr Infos (Your Europe)","Mehr Infos (Your Europe)"
"Dezent: Link in Footer-Leiste (empfohlen)","Dezent: Link in Footer-Leiste (empfohlen)"
"Auffällig: Hinweis-Streifen mit Aufklapp-Label","Auffällig: Hinweis-Streifen mit Aufklapp-Label"
"Label vergrößern","Label vergrößern"
